﻿<?xml version="1.0" encoding="utf-8"?>
<ImportExportXml version="9.1.0.643" SolutionPackageVersion="9.1" languagecode="1033" generatedBy="CrmLive" xmlns:xsi="http://www.w3.org/2001/XMLSchema-instance">
  <SolutionManifest>
    <!-- Unique Name of Cds Solution-->
    <UniqueName>EditableTable</UniqueName>
    <LocalizedNames>
      <!-- Localized Solution Name in language code -->
      <LocalizedName description="EditableTable" languagecode="1033" />
    </LocalizedNames>
    <Descriptions>
      <Description description="PCF - Editable Table&#xD;&#xA;&#xD;&#xA;Editable Grid with create, delete, save and refresh functionalities. New records are created as a new line in the grid.&#xD;&#xA;&#xD;&#xA;https://marketplace.bevercrm.com&#xD;&#xA;&#xD;&#xA;© 2023 BEVER" languagecode="1033" />
    </Descriptions>
    <Version>1.1.0</Version>
    <!-- Solution Package Type: Unmanaged(0)/Managed(1)/Both(2)-->
    <Managed>1</Managed>
    <Publisher>
      <!-- Unique Publisher Name of Cds Solution -->
      <UniqueName>Bever</UniqueName>
      <LocalizedNames>
        <!-- Localized Cds Publisher Name in language code-->
        <LocalizedName description="Bever" languagecode="1033" />
      </LocalizedNames>
      <Descriptions>
        <!-- Description of Cds Publisher in language code -->
        <Description description="Bever helps small-sized and medium-sized businesses to digitize by using Dynamics 365 &amp; Power Platform." languagecode="1033" />
        <Description />
      </Descriptions>
      <EMailAddress>info@bevercrm.com</EMailAddress>
      <SupportingWebsiteUrl>https://bevercrm.com</SupportingWebsiteUrl>
      <!-- Customization Prefix for the Cds Publisher-->
      <CustomizationPrefix>bvr</CustomizationPrefix>
      <!-- Derived Option Value Prefix for the Customization Prefix of Cds Publisher -->
      <CustomizationOptionValuePrefix>10031</CustomizationOptionValuePrefix>
      <Addresses>
        <!-- Address of the Publisher-->
        <Address>
          <AddressNumber>1</AddressNumber>
          <AddressTypeCode>1</AddressTypeCode>
          <City>Yerevan</City>
          <County xsi:nil="true"></County>
          <Country>Armenia</Country>
          <Fax xsi:nil="true"></Fax>
          <FreightTermsCode xsi:nil="true"></FreightTermsCode>
          <ImportSequenceNumber xsi:nil="true"></ImportSequenceNumber>
          <Latitude xsi:nil="true"></Latitude>
          <Line1>Abelian 6/4</Line1>
          <Line2 xsi:nil="true"></Line2>
          <Line3 xsi:nil="true"></Line3>
          <Longitude xsi:nil="true"></Longitude>
          <Name xsi:nil="true"></Name>
          <PostalCode>0038</PostalCode>
          <PostOfficeBox xsi:nil="true"></PostOfficeBox>
          <PrimaryContactName xsi:nil="true"></PrimaryContactName>
          <ShippingMethodCode>1</ShippingMethodCode>
          <StateOrProvince xsi:nil="true"></StateOrProvince>
          <Telephone1>+374 (77) 590071</Telephone1>
          <Telephone2 xsi:nil="true"></Telephone2>
          <Telephone3 xsi:nil="true"></Telephone3>
          <TimeZoneRuleVersionNumber xsi:nil="true"></TimeZoneRuleVersionNumber>
          <UPSZone xsi:nil="true"></UPSZone>
          <UTCOffset xsi:nil="true"></UTCOffset>
          <UTCConversionTimeZoneCode xsi:nil="true"></UTCConversionTimeZoneCode>
        </Address>
        <Address>
          <AddressNumber>2</AddressNumber>
          <AddressTypeCode>1</AddressTypeCode>
          <City xsi:nil="true"></City>
          <County xsi:nil="true"></County>
          <Country xsi:nil="true"></Country>
          <Fax xsi:nil="true"></Fax>
          <FreightTermsCode xsi:nil="true"></FreightTermsCode>
          <ImportSequenceNumber xsi:nil="true"></ImportSequenceNumber>
          <Latitude xsi:nil="true"></Latitude>
          <Line1 xsi:nil="true"></Line1>
          <Line2 xsi:nil="true"></Line2>
          <Line3 xsi:nil="true"></Line3>
          <Longitude xsi:nil="true"></Longitude>
          <Name xsi:nil="true"></Name>
          <PostalCode xsi:nil="true"></PostalCode>
          <PostOfficeBox xsi:nil="true"></PostOfficeBox>
          <PrimaryContactName xsi:nil="true"></PrimaryContactName>
          <ShippingMethodCode>1</ShippingMethodCode>
          <StateOrProvince xsi:nil="true"></StateOrProvince>
          <Telephone1 xsi:nil="true"></Telephone1>
          <Telephone2 xsi:nil="true"></Telephone2>
          <Telephone3 xsi:nil="true"></Telephone3>
          <TimeZoneRuleVersionNumber xsi:nil="true"></TimeZoneRuleVersionNumber>
          <UPSZone xsi:nil="true"></UPSZone>
          <UTCOffset xsi:nil="true"></UTCOffset>
          <UTCConversionTimeZoneCode xsi:nil="true"></UTCConversionTimeZoneCode>
        </Address>
      </Addresses>
    </Publisher>
    <RootComponents>
      <RootComponent type="66" schemaName="bvr_BeverControls.EditableTable" behavior="0" />
    </RootComponents>
    <MissingDependencies />
  </SolutionManifest>
</ImportExportXml>