<?xml version="1.0" encoding="UTF-8" standalone="yes"?>
<manifest>
  <control namespace="RAW" constructor="RestrictedChoice" version="0.0.5" display-name-key="RestrictedChoice_Display_Key" description-key="RestrictedChoice_Desc_Key" control-type="virtual" api-version="1.3.16">
    <external-service-usage enabled="false"/>
    <type-group name="choice">
      <type>OptionSet</type>
      <type>MultiSelectOptionSet</type>
    </type-group>
    <property name="choiceProperty" display-name-key="choiceProperty_Display_Key" description-key="choiceProperty_Desc_Key" of-type-group="choice" usage="bound" required="true"/>
    <property name="restrictedChoices" display-name-key="restrictedChoices_Display_Key" description-key="choiceProperty_Desc_Key" of-type="SingleLine.Text" usage="input" required="true"/>
    <property name="restrictChoices" display-name-key="restrictChoices_Display_Key" description-key="restrictChoices_Desc_Key" of-type="TwoOptions" usage="input" required="false" default-value="true"/>
    <property name="restrictedChoiceVisibility" display-name-key="restrictedChoiceVisibility_Display_Key" description-key="restrictedChoiceVisibility_Desc_Key" of-type="Enum" usage="input" required="false" default-value="1">
      <value name="Disabled" display-name-key="Disabled">1</value>
      <value name="Hide" display-name-key="Hide">0</value>
    </property>
    <resources>
      <code path="bundle.js" order="1"/>
      <platform-library name="React" version="16.14.0"/>
      <platform-library name="Fluent" version="9.46.2"/>
      <resx path="resources/RestrictedChoice.1033.resx" version="1.0.0"/>
      <resx path="resources/RestrictedChoice.3082.resx" version="1.0.0"/>
      <resx path="resources/RestrictedChoice.1031.resx" version="1.0.0"/>
      <resx path="resources/RestrictedChoice.1043.resx" version="1.0.0"/>
      <resx path="resources/RestrictedChoice.1041.resx" version="1.0.0"/>
      <resx path="resources/RestrictedChoice.1042.resx" version="1.0.0"/>
      <resx path="resources/RestrictedChoice.1036.resx" version="1.0.0"/>
      <resx path="resources/RestrictedChoice.1025.resx" version="1.0.0"/>
      <resx path="resources/RestrictedChoice.1040.resx" version="1.0.0"/>
    </resources>
    <feature-usage/>
    <built-by name="pac" version="1.40.4"/>
  </control>
</manifest>